source_key,word,status
photo-001,limited,ACTIVE
photo-002,quota,ACTIVE
photo-003,recall,ACTIVE
photo-004,priority,ACTIVE
photo-005,familiar,ACTIVE
photo-006,individual,ACTIVE
photo-007,seating,ACTIVE
photo-008,support,ACTIVE
photo-009,total,ACTIVE
photo-010,grateful,ACTIVE
photo-011,overwhelming,ACTIVE
photo-012,administrative,ACTIVE
photo-013,continue,ACTIVE
photo-014,take place,ACTIVE
photo-015,in a moment,ACTIVE
photo-016,figure,ACTIVE
photo-017,spend,ACTIVE
photo-018,belongings,ACTIVE
photo-019,research,ACTIVE
photo-020,explore,ACTIVE
photo-021,track,ACTIVE
photo-022,pleasure,ACTIVE
photo-023,distinguish,ACTIVE
photo-024,merger,ACTIVE
photo-025,flourish,ACTIVE
photo-026,competition,ACTIVE
photo-027,incredible,ACTIVE
photo-028,district,ACTIVE
photo-029,negative,ACTIVE
photo-030,upgrade,ACTIVE
photo-031,agency,ACTIVE
photo-032,sample,ACTIVE
photo-033,treat,ACTIVE
photo-034,renovation,ACTIVE
photo-035,historic,ACTIVE
photo-036,warehouse,ACTIVE
photo-037,resident,ACTIVE
photo-038,successful,ACTIVE
photo-039,intact,ACTIVE
photo-040,extraordinary,ACTIVE
photo-041,generous,ACTIVE
photo-042,audience,ACTIVE
photo-043,paperwork,ACTIVE
photo-044,that way,ACTIVE
photo-045,proof,ACTIVE
photo-046,various,ACTIVE
photo-047,prompt,ACTIVE
photo-048,keep in mind,ACTIVE
photo-049,informative,ACTIVE
photo-050,existing,ACTIVE
photo-051,temporary,ACTIVE
photo-052,revised,ACTIVE
photo-053,capable,ACTIVE
photo-054,detailed,ACTIVE
photo-055,unavoidable,ACTIVE
photo-056,improper,ACTIVE
photo-057,bulk,ACTIVE
photo-058,worth,ACTIVE
photo-059,independent,ACTIVE
photo-060,related,ACTIVE
photo-061,advisable,ACTIVE
photo-062,accomplished,ACTIVE
photo-063,skilled,ACTIVE
photo-064,responsive,ACTIVE
photo-065,significant,ACTIVE
photo-066,advanced,ACTIVE
photo-067,narrow,ACTIVE
photo-068,cautious,ACTIVE
photo-069,native,ACTIVE
photo-070,economic,ACTIVE
photo-071,memorable,ACTIVE
photo-072,preferred,ACTIVE
photo-073,established,ACTIVE
photo-074,unwavering,ACTIVE
photo-075,contingent,ACTIVE
photo-076,exquisite,ACTIVE
photo-077,impeccable,ACTIVE
photo-078,proportional,ACTIVE
photo-079,subsequent,ACTIVE
photo-080,picturesque,ACTIVE
photo-081,stringent,ACTIVE
photo-082,exemplary,ACTIVE
photo-083,anonymous,ACTIVE
photo-084,controversial,ACTIVE
photo-085,feasible,ACTIVE
photo-086,predominant,ACTIVE
photo-087,current,ACTIVE
photo-088,durable,ACTIVE
photo-089,educational,ACTIVE
photo-090,satisfied,ACTIVE
photo-091,expire,ACTIVE
photo-092,depart,ACTIVE
photo-093,appoint,ACTIVE
photo-094,result,ACTIVE
photo-095,equip,ACTIVE
photo-096,remove,ACTIVE
photo-097,target,ACTIVE
photo-098,appeal,ACTIVE
photo-099,subscribe,ACTIVE
photo-100,adhere,ACTIVE
photo-101,conserve,ACTIVE
photo-102,eliminate,ACTIVE
photo-103,cooperate,ACTIVE
photo-104,encounter,ACTIVE
photo-105,provide,ACTIVE
photo-106,contribute,ACTIVE
photo-107,resolve,ACTIVE
photo-108,utilize,ACTIVE
photo-109,prolong,ACTIVE
photo-110,anticipate,ACTIVE
photo-111,combine,ACTIVE
photo-112,settle,ACTIVE
photo-113,attribute,ACTIVE
photo-114,emphasize,ACTIVE
photo-115,patronize,ACTIVE
photo-116,redeem,ACTIVE
photo-117,abolish,ACTIVE
photo-118,dispose,ACTIVE
photo-119,reschedule,ACTIVE
photo-120,separate,ACTIVE
photo-121,exhibit,ACTIVE
photo-122,compare,ACTIVE
photo-123,remain,ACTIVE
photo-124,allow,ACTIVE
photo-125,announce,ACTIVE
photo-126,oversee,ACTIVE
photo-127,meet,ACTIVE
photo-128,instruct,ACTIVE
photo-129,broaden,ACTIVE
photo-130,book,ACTIVE
photo-131,notify,ACTIVE
photo-132,represent,ACTIVE
photo-133,advise,ACTIVE
photo-134,amend,ACTIVE
photo-135,commence,ACTIVE
photo-136,conceive,ACTIVE
photo-137,activate,ACTIVE
photo-138,thrive,ACTIVE
photo-139,assess,ACTIVE
photo-140,complement,ACTIVE
photo-141,reflect,ACTIVE
photo-142,offset,ACTIVE
